ID,Name,Age,City
45,Sameer,34,Cairo
46,smr,32,Cairo
47,Noura,22,Alex
48,Nora,22,Alex
49,Noora,,
50,NOURA,23,Alex
51,Fatma,25,Cairo
52,Fatima,25,Cairo
53,Ftoom,26,Cairo
54,FATMA,27,Cairo
55,Ahmed,35,Cairo
56,Ahmed,35,Cairo
57,AHMAD,36,
58,A7med,37,Cairo
59,ahmd,34,Cairo
60,Salma,24,Giza
61,salma,24,
62,SLMA,25,Giza
63,Saalma,26,Giza
64,Heba,29,Cairo
65,heba,29,Cairo
66,Hibah,30,Cairo
67,HBA,28,
68,mai,21,Alex
69,Mai,21,Alex
70,may,22,
71,Maai,20,Alex
72,Yara,23,Cairo
73,Yarah,23,Cairo
74,yaRa,24,Cairo
75,YRA,22,
76,Kareem,27,Alex
77,Karim,27,Alex
78,KRIM,28,Alex
79,krym,26,
80,Karrem,29,Alex